year,val,cutoff,percentile,country
1981,6910,cop5,5,Australia
1985,6864,cop5,5,Australia
1989,6555,cop5,5,Australia
1995,6551,cop5,5,Australia
2001,7002,cop5,5,Australia
2003,7090,cop5,5,Australia
1987,8818,cop5,5,Austria
1994,8744,cop5,5,Austria
1995,5813,cop5,5,Austria
1997,8586,cop5,5,Austria
2000,9807,cop5,5,Austria
2004,10510,cop5,5,Austria
1985,7718,cop5,5,Belgium
1988,7956,cop5,5,Belgium
1992,8287,cop5,5,Belgium
1995,8312,cop5,5,Belgium
1997,8188,cop5,5,Belgium
2000,8593,cop5,5,Belgium
1981,7361,cop5,5,Canada
1987,7961,cop5,5,Canada
1991,8175,cop5,5,Canada
1994,8117,cop5,5,Canada
1997,7643,cop5,5,Canada
1998,7600,cop5,5,Canada
2000,7696,cop5,5,Canada
2004,7904,cop5,5,Canada
2007,9171,cop5,5,Canada
2010,9445,cop5,5,Canada
1987,7976,cop5,5,Denmark
1992,8236,cop5,5,Denmark
1995,9668,cop5,5,Denmark
2000,10148,cop5,5,Denmark
2004,10539,cop5,5,Denmark
2000,1730,cop5,5,Estonia
2004,2162,cop5,5,Estonia
2007,3737,cop5,5,Estonia
2010,2980,cop5,5,Estonia
1987,7364,cop5,5,Finland
1991,7933,cop5,5,Finland
1995,7624,cop5,5,Finland
2000,7978,cop5,5,Finland
2004,8596,cop5,5,Finland
2007,8946,cop5,5,Finland
2010,9379,cop5,5,Finland
1978,5045,cop5,5,France
1984,4121,cop5,5,France
1989,6504,cop5,5,France
1994,7696,cop5,5,France
2000,7972,cop5,5,France
2005,7815,cop5,5,France
1981,8961,cop5,5,Germany
1983,10101,cop5,5,Germany
1984,7731,cop5,5,Germany
1989,9583,cop5,5,Germany
1994,8512,cop5,5,Germany
2000,9142,cop5,5,Germany
2004,8950,cop5,5,Germany
2007,8841,cop5,5,Germany
2010,8554,cop5,5,Germany
1995,2846,cop5,5,Greece
2000,3852,cop5,5,Greece
2004,5327,cop5,5,Greece
2007,5937,cop5,5,Greece
2010,4925,cop5,5,Greece
1987,3959,cop5,5,Ireland
1994,5439,cop5,5,Ireland
1995,5457,cop5,5,Ireland
1996,5765,cop5,5,Ireland
2000,6744,cop5,5,Ireland
2004,7827,cop5,5,Ireland
2007,9672,cop5,5,Ireland
2010,8196,cop5,5,Ireland
1986,4185,cop5,5,Israel
1992,4895,cop5,5,Israel
1997,4359,cop5,5,Israel
2001,4968,cop5,5,Israel
2005,3858,cop5,5,Israel
2007,4258,cop5,5,Israel
2010,4233,cop5,5,Israel
1986,4711,cop5,5,Italy
1987,4653,cop5,5,Italy
1989,5959,cop5,5,Italy
1991,6247,cop5,5,Italy
1993,4241,cop5,5,Italy
1995,4054,cop5,5,Italy
1998,4294,cop5,5,Italy
2000,4767,cop5,5,Italy
2004,5155,cop5,5,Italy
2008,5910,cop5,5,Italy
2010,5011,cop5,5,Italy
1985,8882,cop5,5,Luxembourg
1991,13654,cop5,5,Luxembourg
1994,14712,cop5,5,Luxembourg
1997,13300,cop5,5,Luxembourg
2000,13970,cop5,5,Luxembourg
2004,15231,cop5,5,Luxembourg
2007,15191,cop5,5,Luxembourg
2010,15875,cop5,5,Luxembourg
1989,962,cop5,5,Mexico
1992,952,cop5,5,Mexico
1994,998,cop5,5,Mexico
1996,795,cop5,5,Mexico
1998,693,cop5,5,Mexico
2000,898,cop5,5,Mexico
2002,972,cop5,5,Mexico
2004,979,cop5,5,Mexico
2008,1140,cop5,5,Mexico
2010,1021,cop5,5,Mexico
1983,7213,cop5,5,Netherlands
1987,8689,cop5,5,Netherlands
1990,8871,cop5,5,Netherlands
1993,7412,cop5,5,Netherlands
1999,10584,cop5,5,Netherlands
2004,9601,cop5,5,Netherlands
2007,11309,cop5,5,Netherlands
2010,11254,cop5,5,Netherlands
1979,6791,cop5,5,Norway
1986,8430,cop5,5,Norway
1991,8930,cop5,5,Norway
1995,9729,cop5,5,Norway
2000,10393,cop5,5,Norway
2004,10898,cop5,5,Norway
1995,1690,cop5,5,Poland
1999,2577,cop5,5,Poland
2004,2343,cop5,5,Poland
2007,3016,cop5,5,Poland
2010,3504,cop5,5,Poland
1980,3366,cop5,5,Spain
1985,3493,cop5,5,Spain
1990,4637,cop5,5,Spain
1995,3737,cop5,5,Spain
2000,5677,cop5,5,Spain
2004,5542,cop5,5,Spain
2007,6138,cop5,5,Spain
2010,4112,cop5,5,Spain
1981,6203,cop5,5,Sweden
1987,6107,cop5,5,Sweden
1992,6897,cop5,5,Sweden
1995,6151,cop5,5,Sweden
2000,7801,cop5,5,Sweden
2005,9611,cop5,5,Sweden
1982,10261,cop5,5,Switzerland
1992,6980,cop5,5,Switzerland
2000,10978,cop5,5,Switzerland
2002,11384,cop5,5,Switzerland
2004,10504,cop5,5,Switzerland
1979,5683,cop5,5,United Kingdom
1986,5421,cop5,5,United Kingdom
1991,5678,cop5,5,United Kingdom
1994,6646,cop5,5,United Kingdom
1995,5814,cop5,5,United Kingdom
1999,6871,cop5,5,United Kingdom
2004,8418,cop5,5,United Kingdom
2007,6810,cop5,5,United Kingdom
2010,6781,cop5,5,United Kingdom
1979,7143,cop5,5,United States
1986,6753,cop5,5,United States
1991,6674,cop5,5,United States
1994,6503,cop5,5,United States
1997,7142,cop5,5,United States
2000,7809,cop5,5,United States
2004,7226,cop5,5,United States
2007,7285,cop5,5,United States
2010,6410,cop5,5,United States
1981,8290,cop10,10,Australia
1985,8222,cop10,10,Australia
1989,8190,cop10,10,Australia
1995,7776,cop10,10,Australia
2001,8474,cop10,10,Australia
2003,8583,cop10,10,Australia
1987,11154,cop10,10,Austria
1994,11032,cop10,10,Austria
1995,8961,cop10,10,Austria
1997,10829,cop10,10,Austria
2000,11901,cop10,10,Austria
2004,12808,cop10,10,Austria
1985,8920,cop10,10,Belgium
1988,9182,cop10,10,Belgium
1992,9942,cop10,10,Belgium
1995,9864,cop10,10,Belgium
1997,9951,cop10,10,Belgium
2000,10531,cop10,10,Belgium
1981,9799,cop10,10,Canada
1987,10531,cop10,10,Canada
1991,10680,cop10,10,Canada
1994,10575,cop10,10,Canada
1997,10285,cop10,10,Canada
1998,10070,cop10,10,Canada
2000,10307,cop10,10,Canada
2004,10657,cop10,10,Canada
2007,12062,cop10,10,Canada
2010,12239,cop10,10,Canada
1987,9387,cop10,10,Denmark
1992,9901,cop10,10,Denmark
1995,11218,cop10,10,Denmark
2000,11635,cop10,10,Denmark
2004,12160,cop10,10,Denmark
2000,2258,cop10,10,Estonia
2004,2963,cop10,10,Estonia
2007,4575,cop10,10,Estonia
2010,4205,cop10,10,Estonia
1987,8721,cop10,10,Finland
1991,9548,cop10,10,Finland
1995,8904,cop10,10,Finland
2000,9158,cop10,10,Finland
2004,10073,cop10,10,Finland
2007,10612,cop10,10,Finland
2010,10996,cop10,10,Finland
1978,6853,cop10,10,France
1984,7068,cop10,10,France
1989,8372,cop10,10,France
1994,9424,cop10,10,France
2000,9627,cop10,10,France
2005,9609,cop10,10,France
1981,10631,cop10,10,Germany
1983,12152,cop10,10,Germany
1984,9581,cop10,10,Germany
1989,11413,cop10,10,Germany
1994,10629,cop10,10,Germany
2000,11552,cop10,10,Germany
2004,11084,cop10,10,Germany
2007,10858,cop10,10,Germany
2010,10612,cop10,10,Germany
1995,4299,cop10,10,Greece
2000,5273,cop10,10,Greece
2004,6830,cop10,10,Greece
2007,7662,cop10,10,Greece
2010,6543,cop10,10,Greece
1987,4647,cop10,10,Ireland
1994,6028,cop10,10,Ireland
1995,6124,cop10,10,Ireland
1996,6425,cop10,10,Ireland
2000,7606,cop10,10,Ireland
2004,9262,cop10,10,Ireland
2007,11200,cop10,10,Ireland
2010,9902,cop10,10,Ireland
1986,4931,cop10,10,Israel
1992,6076,cop10,10,Israel
1997,5337,cop10,10,Israel
2001,5925,cop10,10,Israel
2005,5068,cop10,10,Israel
2007,5569,cop10,10,Israel
2010,5562,cop10,10,Israel
1986,6035,cop10,10,Italy
1987,6251,cop10,10,Italy
1989,7379,cop10,10,Italy
1991,7470,cop10,10,Italy
1993,6152,cop10,10,Italy
1995,5871,cop10,10,Italy
1998,6161,cop10,10,Italy
2000,6474,cop10,10,Italy
2004,6853,cop10,10,Italy
2008,7370,cop10,10,Italy
2010,6944,cop10,10,Italy
1985,10043,cop10,10,Luxembourg
1991,14864,cop10,10,Luxembourg
1994,16711,cop10,10,Luxembourg
1997,15603,cop10,10,Luxembourg
2000,17082,cop10,10,Luxembourg
2004,18016,cop10,10,Luxembourg
2007,18619,cop10,10,Luxembourg
2010,18729,cop10,10,Luxembourg
1989,1356,cop10,10,Mexico
1992,1360,cop10,10,Mexico
1994,1333,cop10,10,Mexico
1996,1075,cop10,10,Mexico
1998,995,cop10,10,Mexico
2000,1236,cop10,10,Mexico
2002,1338,cop10,10,Mexico
2004,1473,cop10,10,Mexico
2008,1807,cop10,10,Mexico
2010,1740,cop10,10,Mexico
1983,9272,cop10,10,Netherlands
1987,9970,cop10,10,Netherlands
1990,11027,cop10,10,Netherlands
1993,9999,cop10,10,Netherlands
1999,12384,cop10,10,Netherlands
2004,12023,cop10,10,Netherlands
2007,13210,cop10,10,Netherlands
2010,13159,cop10,10,Netherlands
1979,7735,cop10,10,Norway
1986,10264,cop10,10,Norway
1991,10863,cop10,10,Norway
1995,11828,cop10,10,Norway
2000,12670,cop10,10,Norway
2004,13543,cop10,10,Norway
1995,2417,cop10,10,Poland
1999,3262,cop10,10,Poland
2004,3006,cop10,10,Poland
2007,3829,cop10,10,Poland
2010,4424,cop10,10,Poland
1980,4396,cop10,10,Spain
1985,4517,cop10,10,Spain
1990,5849,cop10,10,Spain
1995,5672,cop10,10,Spain
2000,7271,cop10,10,Spain
2004,7054,cop10,10,Spain
2007,7976,cop10,10,Spain
2010,6455,cop10,10,Spain
1981,7819,cop10,10,Sweden
1987,7764,cop10,10,Sweden
1992,9037,cop10,10,Sweden
1995,8831,cop10,10,Sweden
2000,9758,cop10,10,Sweden
2005,11369,cop10,10,Sweden
1982,12975,cop10,10,Switzerland
1992,12570,cop10,10,Switzerland
2000,13140,cop10,10,Switzerland
2002,13861,cop10,10,Switzerland
2004,13299,cop10,10,Switzerland
1979,6716,cop10,10,United Kingdom
1986,6718,cop10,10,United Kingdom
1991,6766,cop10,10,United Kingdom
1994,7761,cop10,10,United Kingdom
1995,7143,cop10,10,United Kingdom
1999,8300,cop10,10,United Kingdom
2004,10348,cop10,10,United Kingdom
2007,9008,cop10,10,United Kingdom
2010,9162,cop10,10,United Kingdom
1979,9726,cop10,10,United States
1986,9187,cop10,10,United States
1991,8996,cop10,10,United States
1994,8954,cop10,10,United States
1997,9799,cop10,10,United States
2000,10641,cop10,10,United States
2004,10396,cop10,10,United States
2007,10423,cop10,10,United States
2010,9645,cop10,10,United States
1981,10900,cop20,20,Australia
1985,10534,cop20,20,Australia
1989,10714,cop20,20,Australia
1995,9569,cop20,20,Australia
2001,10499,cop20,20,Australia
2003,10916,cop20,20,Australia
1987,13814,cop20,20,Austria
1994,14414,cop20,20,Austria
1995,11942,cop20,20,Austria
1997,13929,cop20,20,Austria
2000,14764,cop20,20,Austria
2004,15882,cop20,20,Austria
1985,10524,cop20,20,Belgium
1988,10900,cop20,20,Belgium
1992,11717,cop20,20,Belgium
1995,12354,cop20,20,Belgium
1997,12539,cop20,20,Belgium
2000,12883,cop20,20,Belgium
1981,13442,cop20,20,Canada
1987,14050,cop20,20,Canada
1991,14254,cop20,20,Canada
1994,14001,cop20,20,Canada
1997,13689,cop20,20,Canada
1998,13605,cop20,20,Canada
2000,13782,cop20,20,Canada
2004,14341,cop20,20,Canada
2007,15849,cop20,20,Canada
2010,15966,cop20,20,Canada
1987,11939,cop20,20,Denmark
1992,12066,cop20,20,Denmark
1995,13337,cop20,20,Denmark
2000,13921,cop20,20,Denmark
2004,14512,cop20,20,Denmark
2000,2961,cop20,20,Estonia
2004,3870,cop20,20,Estonia
2007,5971,cop20,20,Estonia
2010,5417,cop20,20,Estonia
1987,10571,cop20,20,Finland
1991,11792,cop20,20,Finland
1995,10627,cop20,20,Finland
2000,11014,cop20,20,Finland
2004,12367,cop20,20,Finland
2007,13131,cop20,20,Finland
2010,13523,cop20,20,Finland
1978,9011,cop20,20,France
1984,9834,cop20,20,France
1989,10464,cop20,20,France
1994,11826,cop20,20,France
2000,11905,cop20,20,France
2005,12302,cop20,20,France
1981,12762,cop20,20,Germany
1983,14723,cop20,20,Germany
1984,11946,cop20,20,Germany
1989,13859,cop20,20,Germany
1994,13309,cop20,20,Germany
2000,14589,cop20,20,Germany
2004,14103,cop20,20,Germany
2007,13785,cop20,20,Germany
2010,13554,cop20,20,Germany
1995,6280,cop20,20,Greece
2000,7082,cop20,20,Greece
2004,8973,cop20,20,Greece
2007,9813,cop20,20,Greece
2010,8521,cop20,20,Greece
1987,5643,cop20,20,Ireland
1994,7442,cop20,20,Ireland
1995,7596,cop20,20,Ireland
1996,8046,cop20,20,Ireland
2000,10219,cop20,20,Ireland
2004,11812,cop20,20,Ireland
2007,13877,cop20,20,Ireland
2010,12307,cop20,20,Ireland
1986,6339,cop20,20,Israel
1992,7600,cop20,20,Israel
1997,7098,cop20,20,Israel
2001,7585,cop20,20,Israel
2005,6922,cop20,20,Israel
2007,7575,cop20,20,Israel
2010,7531,cop20,20,Israel
1986,7784,cop20,20,Italy
1987,8000,cop20,20,Italy
1989,9171,cop20,20,Italy
1991,9274,cop20,20,Italy
1993,8064,cop20,20,Italy
1995,7995,cop20,20,Italy
1998,8535,cop20,20,Italy
2000,8757,cop20,20,Italy
2004,8973,cop20,20,Italy
2008,9428,cop20,20,Italy
2010,9197,cop20,20,Italy
1985,11969,cop20,20,Luxembourg
1991,17988,cop20,20,Luxembourg
1994,19841,cop20,20,Luxembourg
1997,19129,cop20,20,Luxembourg
2000,20634,cop20,20,Luxembourg
2004,23716,cop20,20,Luxembourg
2007,22997,cop20,20,Luxembourg
2010,22852,cop20,20,Luxembourg
1989,1938,cop20,20,Mexico
1992,2007,cop20,20,Mexico
1994,1938,cop20,20,Mexico
1996,1540,cop20,20,Mexico
1998,1528,cop20,20,Mexico
2000,1841,cop20,20,Mexico
2002,2018,cop20,20,Mexico
2004,2234,cop20,20,Mexico
2008,2885,cop20,20,Mexico
2010,2812,cop20,20,Mexico
1983,10919,cop20,20,Netherlands
1987,11464,cop20,20,Netherlands
1990,13163,cop20,20,Netherlands
1993,12360,cop20,20,Netherlands
1999,14868,cop20,20,Netherlands
2004,14606,cop20,20,Netherlands
2007,16117,cop20,20,Netherlands
2010,15866,cop20,20,Netherlands
1979,9639,cop20,20,Norway
1986,12956,cop20,20,Norway
1991,13641,cop20,20,Norway
1995,15034,cop20,20,Norway
2000,15668,cop20,20,Norway
2004,16918,cop20,20,Norway
1995,3272,cop20,20,Poland
1999,4173,cop20,20,Poland
2004,3937,cop20,20,Poland
2007,4889,cop20,20,Poland
2010,5644,cop20,20,Poland
1980,5756,cop20,20,Spain
1985,5724,cop20,20,Spain
1990,7453,cop20,20,Spain
1995,7687,cop20,20,Spain
2000,9621,cop20,20,Spain
2004,9494,cop20,20,Spain
2007,10615,cop20,20,Spain
2010,9108,cop20,20,Spain
1981,9380,cop20,20,Sweden
1987,9625,cop20,20,Sweden
1992,11121,cop20,20,Sweden
1995,11083,cop20,20,Sweden
2000,11923,cop20,20,Sweden
2005,13699,cop20,20,Sweden
1982,16305,cop20,20,Switzerland
1992,16291,cop20,20,Switzerland
2000,16329,cop20,20,Switzerland
2002,17115,cop20,20,Switzerland
2004,16839,cop20,20,Switzerland
1979,8416,cop20,20,United Kingdom
1986,8180,cop20,20,United Kingdom
1991,8594,cop20,20,United Kingdom
1994,9493,cop20,20,United Kingdom
1995,8945,cop20,20,United Kingdom
1999,10436,cop20,20,United Kingdom
2004,13051,cop20,20,United Kingdom
2007,12719,cop20,20,United Kingdom
2010,12569,cop20,20,United Kingdom
1979,13762,cop20,20,United States
1986,13168,cop20,20,United States
1991,13008,cop20,20,United States
1994,13000,cop20,20,United States
1997,13838,cop20,20,United States
2000,14914,cop20,20,United States
2004,14932,cop20,20,United States
2007,14932,cop20,20,United States
2010,14378,cop20,20,United States
1981,13232,cop30,30,Australia
1985,12838,cop30,30,Australia
1989,12931,cop30,30,Australia
1995,11541,cop30,30,Australia
2001,12870,cop30,30,Australia
2003,13247,cop30,30,Australia
1987,16036,cop30,30,Austria
1994,16830,cop30,30,Austria
1995,14097,cop30,30,Austria
1997,16068,cop30,30,Austria
2000,17103,cop30,30,Austria
2004,18443,cop30,30,Austria
1985,11821,cop30,30,Belgium
1988,12386,cop30,30,Belgium
1992,13256,cop30,30,Belgium
1995,14418,cop30,30,Belgium
1997,14510,cop30,30,Belgium
2000,15249,cop30,30,Belgium
1981,16536,cop30,30,Canada
1987,16861,cop30,30,Canada
1991,16825,cop30,30,Canada
1994,16740,cop30,30,Canada
1997,16435,cop30,30,Canada
1998,16563,cop30,30,Canada
2000,16570,cop30,30,Canada
2004,17644,cop30,30,Canada
2007,19227,cop30,30,Canada
2010,19649,cop30,30,Canada
1987,14516,cop30,30,Denmark
1992,14214,cop30,30,Denmark
1995,15521,cop30,30,Denmark
2000,16354,cop30,30,Denmark
2004,17027,cop30,30,Denmark
2000,3585,cop30,30,Estonia
2004,4705,cop30,30,Estonia
2007,7302,cop30,30,Estonia
2010,6551,cop30,30,Estonia
1987,12053,cop30,30,Finland
1991,13458,cop30,30,Finland
1995,11994,cop30,30,Finland
2000,12751,cop30,30,Finland
2004,14324,cop30,30,Finland
2007,15649,cop30,30,Finland
2010,15895,cop30,30,Finland
1978,10454,cop30,30,France
1984,11606,cop30,30,France
1989,12341,cop30,30,France
1994,13709,cop30,30,France
2000,13920,cop30,30,France
2005,14492,cop30,30,France
1981,14643,cop30,30,Germany
1983,16801,cop30,30,Germany
1984,13982,cop30,30,Germany
1989,15978,cop30,30,Germany
1994,15494,cop30,30,Germany
2000,16940,cop30,30,Germany
2004,16513,cop30,30,Germany
2007,16192,cop30,30,Germany
2010,16033,cop30,30,Germany
1995,7623,cop30,30,Greece
2000,8823,cop30,30,Greece
2004,11029,cop30,30,Greece
2007,11724,cop30,30,Greece
2010,10459,cop30,30,Greece
1987,6826,cop30,30,Ireland
1994,8813,cop30,30,Ireland
1995,9157,cop30,30,Ireland
1996,9873,cop30,30,Ireland
2000,13203,cop30,30,Ireland
2004,14530,cop30,30,Ireland
2007,16722,cop30,30,Ireland
2010,14488,cop30,30,Ireland
1986,7607,cop30,30,Israel
1992,9094,cop30,30,Israel
1997,8746,cop30,30,Israel
2001,9540,cop30,30,Israel
2005,8890,cop30,30,Israel
2007,9572,cop30,30,Israel
2010,9539,cop30,30,Israel
1986,9132,cop30,30,Italy
1987,9582,cop30,30,Italy
1989,10805,cop30,30,Italy
1991,11199,cop30,30,Italy
1993,9897,cop30,30,Italy
1995,9710,cop30,30,Italy
1998,10316,cop30,30,Italy
2000,10485,cop30,30,Italy
2004,10819,cop30,30,Italy
2008,11259,cop30,30,Italy
2010,11007,cop30,30,Italy
1985,13644,cop30,30,Luxembourg
1991,20914,cop30,30,Luxembourg
1994,22381,cop30,30,Luxembourg
1997,22259,cop30,30,Luxembourg
2000,23661,cop30,30,Luxembourg
2004,27013,cop30,30,Luxembourg
2007,27028,cop30,30,Luxembourg
2010,26166,cop30,30,Luxembourg
1989,2494,cop30,30,Mexico
1992,2602,cop30,30,Mexico
1994,2557,cop30,30,Mexico
1996,1990,cop30,30,Mexico
1998,2037,cop30,30,Mexico
2000,2436,cop30,30,Mexico
2002,2619,cop30,30,Mexico
2004,2819,cop30,30,Mexico
2008,3821,cop30,30,Mexico
2010,3722,cop30,30,Mexico
1983,12631,cop30,30,Netherlands
1987,13126,cop30,30,Netherlands
1990,15106,cop30,30,Netherlands
1993,14399,cop30,30,Netherlands
1999,16840,cop30,30,Netherlands
2004,16703,cop30,30,Netherlands
2007,18318,cop30,30,Netherlands
2010,18283,cop30,30,Netherlands
1979,11083,cop30,30,Norway
1986,15035,cop30,30,Norway
1991,15682,cop30,30,Norway
1995,17111,cop30,30,Norway
2000,18119,cop30,30,Norway
2004,19553,cop30,30,Norway
1995,3935,cop30,30,Poland
1999,4910,cop30,30,Poland
2004,4683,cop30,30,Poland
2007,5719,cop30,30,Poland
2010,6645,cop30,30,Poland
1980,7072,cop30,30,Spain
1985,6902,cop30,30,Spain
1990,8869,cop30,30,Spain
1995,9668,cop30,30,Spain
2000,11700,cop30,30,Spain
2004,11638,cop30,30,Spain
2007,13025,cop30,30,Spain
2010,11355,cop30,30,Spain
1981,10503,cop30,30,Sweden
1987,11124,cop30,30,Sweden
1992,12887,cop30,30,Sweden
1995,12447,cop30,30,Sweden
2000,13820,cop30,30,Sweden
2005,15812,cop30,30,Sweden
1982,18742,cop30,30,Switzerland
1992,18918,cop30,30,Switzerland
2000,19164,cop30,30,Switzerland
2002,19750,cop30,30,Switzerland
2004,19549,cop30,30,Switzerland
1979,10022,cop30,30,United Kingdom
1986,9673,cop30,30,United Kingdom
1991,10693,cop30,30,United Kingdom
1994,11325,cop30,30,United Kingdom
1995,10767,cop30,30,United Kingdom
1999,12714,cop30,30,United Kingdom
2004,15546,cop30,30,United Kingdom
2007,16021,cop30,30,United Kingdom
2010,15734,cop30,30,United Kingdom
1979,17312,cop30,30,United States
1986,17101,cop30,30,United States
1991,16706,cop30,30,United States
1994,16569,cop30,30,United States
1997,17488,cop30,30,United States
2000,18994,cop30,30,United States
2004,18960,cop30,30,United States
2007,19142,cop30,30,United States
2010,18396,cop30,30,United States
1981,15207,cop40,40,Australia
1985,14984,cop40,40,Australia
1989,15138,cop40,40,Australia
1995,13660,cop40,40,Australia
2001,15252,cop40,40,Australia
2003,15823,cop40,40,Australia
1987,18019,cop40,40,Austria
1994,18950,cop40,40,Austria
1995,16390,cop40,40,Austria
1997,18413,cop40,40,Austria
2000,19514,cop40,40,Austria
2004,20657,cop40,40,Austria
1985,13368,cop40,40,Belgium
1988,14038,cop40,40,Belgium
1992,15020,cop40,40,Belgium
1995,16648,cop40,40,Belgium
1997,16448,cop40,40,Belgium
2000,17692,cop40,40,Belgium
1981,19053,cop40,40,Canada
1987,19617,cop40,40,Canada
1991,19515,cop40,40,Canada
1994,19472,cop40,40,Canada
1997,19316,cop40,40,Canada
1998,19515,cop40,40,Canada
2000,19430,cop40,40,Canada
2004,20678,cop40,40,Canada
2007,22419,cop40,40,Canada
2010,23171,cop40,40,Canada
1987,16834,cop40,40,Denmark
1992,16354,cop40,40,Denmark
1995,17572,cop40,40,Denmark
2000,18576,cop40,40,Denmark
2004,19411,cop40,40,Denmark
2000,4235,cop40,40,Estonia
2004,5550,cop40,40,Estonia
2007,8734,cop40,40,Estonia
2010,7632,cop40,40,Estonia
1987,13533,cop40,40,Finland
1991,14921,cop40,40,Finland
1995,13323,cop40,40,Finland
2000,14467,cop40,40,Finland
2004,16311,cop40,40,Finland
2007,17892,cop40,40,Finland
2010,18195,cop40,40,Finland
1978,12129,cop40,40,France
1984,13406,cop40,40,France
1989,14160,cop40,40,France
1994,15601,cop40,40,France
2000,15779,cop40,40,France
2005,16461,cop40,40,France
1981,16276,cop40,40,Germany
1983,18880,cop40,40,Germany
1984,15827,cop40,40,Germany
1989,18079,cop40,40,Germany
1994,17385,cop40,40,Germany
2000,18902,cop40,40,Germany
2004,18705,cop40,40,Germany
2007,18333,cop40,40,Germany
2010,18364,cop40,40,Germany
1995,9199,cop40,40,Greece
2000,10558,cop40,40,Greece
2004,12801,cop40,40,Greece
2007,13762,cop40,40,Greece
2010,12239,cop40,40,Greece
1987,8162,cop40,40,Ireland
1994,10498,cop40,40,Ireland
1995,10918,cop40,40,Ireland
1996,11659,cop40,40,Ireland
2000,15556,cop40,40,Ireland
2004,17497,cop40,40,Ireland
2007,19721,cop40,40,Ireland
2010,16769,cop40,40,Ireland
1986,8933,cop40,40,Israel
1992,10612,cop40,40,Israel
1997,10351,cop40,40,Israel
2001,11568,cop40,40,Israel
2005,11205,cop40,40,Israel
2007,12052,cop40,40,Israel
2010,12187,cop40,40,Israel
1986,10567,cop40,40,Italy
1987,11189,cop40,40,Italy
1989,12851,cop40,40,Italy
1991,13231,cop40,40,Italy
1993,11778,cop40,40,Italy
1995,11555,cop40,40,Italy
1998,12269,cop40,40,Italy
2000,12503,cop40,40,Italy
2004,12693,cop40,40,Italy
2008,13321,cop40,40,Italy
2010,12922,cop40,40,Italy
1985,15428,cop40,40,Luxembourg
1991,23748,cop40,40,Luxembourg
1994,25012,cop40,40,Luxembourg
1997,25318,cop40,40,Luxembourg
2000,26599,cop40,40,Luxembourg
2004,30417,cop40,40,Luxembourg
2007,30098,cop40,40,Luxembourg
2010,29796,cop40,40,Luxembourg
1989,3051,cop40,40,Mexico
1992,3192,cop40,40,Mexico
1994,3200,cop40,40,Mexico
1996,2463,cop40,40,Mexico
1998,2599,cop40,40,Mexico
2000,3118,cop40,40,Mexico
2002,3281,cop40,40,Mexico
2004,3461,cop40,40,Mexico
2008,4807,cop40,40,Mexico
2010,4602,cop40,40,Mexico
1983,14168,cop40,40,Netherlands
1987,14681,cop40,40,Netherlands
1990,17085,cop40,40,Netherlands
1993,16209,cop40,40,Netherlands
1999,19042,cop40,40,Netherlands
2004,18756,cop40,40,Netherlands
2007,20582,cop40,40,Netherlands
2010,20480,cop40,40,Netherlands
1979,12298,cop40,40,Norway
1986,16822,cop40,40,Norway
1991,17425,cop40,40,Norway
1995,18876,cop40,40,Norway
2000,20299,cop40,40,Norway
2004,21958,cop40,40,Norway
1995,4533,cop40,40,Poland
1999,5594,cop40,40,Poland
2004,5394,cop40,40,Poland
2007,6540,cop40,40,Poland
2010,7658,cop40,40,Poland
1980,8308,cop40,40,Spain
1985,8045,cop40,40,Spain
1990,10284,cop40,40,Spain
1995,11272,cop40,40,Spain
2000,13952,cop40,40,Spain
2004,13847,cop40,40,Spain
2007,15247,cop40,40,Spain
2010,13503,cop40,40,Spain
1981,11545,cop40,40,Sweden
1987,12337,cop40,40,Sweden
1992,14422,cop40,40,Sweden
1995,13583,cop40,40,Sweden
2000,15514,cop40,40,Sweden
2005,17807,cop40,40,Sweden
1982,21074,cop40,40,Switzerland
1992,21554,cop40,40,Switzerland
2000,21689,cop40,40,Switzerland
2002,22869,cop40,40,Switzerland
2004,22209,cop40,40,Switzerland
1979,11554,cop40,40,United Kingdom
1986,11315,cop40,40,United Kingdom
1991,12980,cop40,40,United Kingdom
1994,13428,cop40,40,United Kingdom
1995,12998,cop40,40,United Kingdom
1999,15241,cop40,40,United Kingdom
2004,18409,cop40,40,United Kingdom
2007,19238,cop40,40,United Kingdom
2010,18730,cop40,40,United Kingdom
1979,20541,cop40,40,United States
1986,20759,cop40,40,United States
1991,20417,cop40,40,United States
1994,20159,cop40,40,United States
1997,21331,cop40,40,United States
2000,23079,cop40,40,United States
2004,23269,cop40,40,United States
2007,23432,cop40,40,United States
2010,22559,cop40,40,United States
1981,17427,cop50,50,Australia
1985,17389,cop50,50,Australia
1989,17559,cop50,50,Australia
1995,16167,cop50,50,Australia
2001,18113,cop50,50,Australia
2003,18358,cop50,50,Australia
1987,19815,cop50,50,Austria
1994,21226,cop50,50,Austria
1995,18631,cop50,50,Austria
1997,20523,cop50,50,Austria
2000,21797,cop50,50,Austria
2004,23163,cop50,50,Austria
1985,14987,cop50,50,Belgium
1988,15623,cop50,50,Belgium
1992,16673,cop50,50,Belgium
1995,19092,cop50,50,Belgium
1997,18636,cop50,50,Belgium
2000,20037,cop50,50,Belgium
1981,21729,cop50,50,Canada
1987,22308,cop50,50,Canada
1991,22160,cop50,50,Canada
1994,22171,cop50,50,Canada
1997,22107,cop50,50,Canada
1998,22545,cop50,50,Canada
2000,22335,cop50,50,Canada
2004,23845,cop50,50,Canada
2007,25903,cop50,50,Canada
2010,26762,cop50,50,Canada
1987,18798,cop50,50,Denmark
1992,18213,cop50,50,Denmark
1995,19466,cop50,50,Denmark
2000,20589,cop50,50,Denmark
2004,21624,cop50,50,Denmark
2000,4930,cop50,50,Estonia
2004,6529,cop50,50,Estonia
2007,10129,cop50,50,Estonia
2010,8944,cop50,50,Estonia
1987,14793,cop50,50,Finland
1991,16240,cop50,50,Finland
1995,14567,cop50,50,Finland
2000,16180,cop50,50,Finland
2004,18265,cop50,50,Finland
2007,19950,cop50,50,Finland
2010,20430,cop50,50,Finland
1978,13915,cop50,50,France
1984,15227,cop50,50,France
1989,15955,cop50,50,France
1994,17508,cop50,50,France
2000,17648,cop50,50,France
2005,18411,cop50,50,France
1981,18114,cop50,50,Germany
1983,21151,cop50,50,Germany
1984,17715,cop50,50,Germany
1989,19902,cop50,50,Germany
1994,19472,cop50,50,Germany
2000,20969,cop50,50,Germany
2004,20953,cop50,50,Germany
2007,20562,cop50,50,Germany
2010,20906,cop50,50,Germany
1995,10821,cop50,50,Greece
2000,12173,cop50,50,Greece
2004,14737,cop50,50,Greece
2007,15975,cop50,50,Greece
2010,14527,cop50,50,Greece
1987,9405,cop50,50,Ireland
1994,12482,cop50,50,Ireland
1995,12976,cop50,50,Ireland
1996,13812,cop50,50,Ireland
2000,18144,cop50,50,Ireland
2004,20547,cop50,50,Ireland
2007,22755,cop50,50,Ireland
2010,19399,cop50,50,Ireland
1986,10397,cop50,50,Israel
1992,12216,cop50,50,Israel
1997,12366,cop50,50,Israel
2001,13745,cop50,50,Israel
2005,13528,cop50,50,Israel
2007,14646,cop50,50,Israel
2010,15174,cop50,50,Israel
1986,12328,cop50,50,Italy
1987,13081,cop50,50,Italy
1989,14662,cop50,50,Italy
1991,15183,cop50,50,Italy
1993,13997,cop50,50,Italy
1995,13682,cop50,50,Italy
1998,14394,cop50,50,Italy
2000,14613,cop50,50,Italy
2004,14997,cop50,50,Italy
2008,15636,cop50,50,Italy
2010,15164,cop50,50,Italy
1985,17007,cop50,50,Luxembourg
1991,26410,cop50,50,Luxembourg
1994,28249,cop50,50,Luxembourg
1997,28022,cop50,50,Luxembourg
2000,29916,cop50,50,Luxembourg
2004,34260,cop50,50,Luxembourg
2007,34174,cop50,50,Luxembourg
2010,33755,cop50,50,Luxembourg
1989,3734,cop50,50,Mexico
1992,3875,cop50,50,Mexico
1994,3933,cop50,50,Mexico
1996,3022,cop50,50,Mexico
1998,3245,cop50,50,Mexico
2000,3850,cop50,50,Mexico
2002,4004,cop50,50,Mexico
2004,4239,cop50,50,Mexico
2008,5921,cop50,50,Mexico
2010,5584,cop50,50,Mexico
1983,15589,cop50,50,Netherlands
1987,16238,cop50,50,Netherlands
1990,19197,cop50,50,Netherlands
1993,18230,cop50,50,Netherlands
1999,21094,cop50,50,Netherlands
2004,20887,cop50,50,Netherlands
2007,22978,cop50,50,Netherlands
2010,22665,cop50,50,Netherlands
1979,13539,cop50,50,Norway
1986,18560,cop50,50,Norway
1991,19212,cop50,50,Norway
1995,20661,cop50,50,Norway
2000,22376,cop50,50,Norway
2004,24196,cop50,50,Norway
1995,5151,cop50,50,Poland
1999,6313,cop50,50,Poland
2004,6172,cop50,50,Poland
2007,7430,cop50,50,Poland
2010,8719,cop50,50,Poland
1980,9518,cop50,50,Spain
1985,9066,cop50,50,Spain
1990,11694,cop50,50,Spain
1995,12966,cop50,50,Spain
2000,16406,cop50,50,Spain
2004,16101,cop50,50,Spain
2007,17823,cop50,50,Spain
2010,15981,cop50,50,Spain
1981,12601,cop50,50,Sweden
1987,13562,cop50,50,Sweden
1992,15744,cop50,50,Sweden
1995,14739,cop50,50,Sweden
2000,17163,cop50,50,Sweden
2005,19743,cop50,50,Sweden
1982,23830,cop50,50,Switzerland
1992,24213,cop50,50,Switzerland
2000,24175,cop50,50,Switzerland
2002,25702,cop50,50,Switzerland
2004,24755,cop50,50,Switzerland
1979,13072,cop50,50,United Kingdom
1986,13128,cop50,50,United Kingdom
1991,15323,cop50,50,United Kingdom
1994,15813,cop50,50,United Kingdom
1995,15554,cop50,50,United Kingdom
1999,17997,cop50,50,United Kingdom
2004,21355,cop50,50,United Kingdom
2007,22631,cop50,50,United Kingdom
2010,21990,cop50,50,United Kingdom
1979,23583,cop50,50,United States
1986,24267,cop50,50,United States
1991,24189,cop50,50,United States
1994,24054,cop50,50,United States
1997,25413,cop50,50,United States
2000,27320,cop50,50,United States
2004,27559,cop50,50,United States
2007,27970,cop50,50,United States
2010,27058,cop50,50,United States
1981,19965,cop60,60,Australia
1985,20013,cop60,60,Australia
1989,20412,cop60,60,Australia
1995,18911,cop60,60,Australia
2001,21229,cop60,60,Australia
2003,21573,cop60,60,Australia
1987,21842,cop60,60,Austria
1994,23839,cop60,60,Austria
1995,20942,cop60,60,Austria
1997,23007,cop60,60,Austria
2000,24200,cop60,60,Austria
2004,25577,cop60,60,Austria
1985,16559,cop60,60,Belgium
1988,17307,cop60,60,Belgium
1992,18524,cop60,60,Belgium
1995,21067,cop60,60,Belgium
1997,21066,cop60,60,Belgium
2000,22485,cop60,60,Belgium
1981,24560,cop60,60,Canada
1987,25101,cop60,60,Canada
1991,25195,cop60,60,Canada
1994,25148,cop60,60,Canada
1997,25179,cop60,60,Canada
1998,25749,cop60,60,Canada
2000,25600,cop60,60,Canada
2004,27505,cop60,60,Canada
2007,29708,cop60,60,Canada
2010,30518,cop60,60,Canada
1987,20564,cop60,60,Denmark
1992,20115,cop60,60,Denmark
1995,21287,cop60,60,Denmark
2000,22574,cop60,60,Denmark
2004,23734,cop60,60,Denmark
2000,5828,cop60,60,Estonia
2004,7527,cop60,60,Estonia
2007,11596,cop60,60,Estonia
2010,10448,cop60,60,Estonia
1987,16093,cop60,60,Finland
1991,17789,cop60,60,Finland
1995,15936,cop60,60,Finland
2000,17985,cop60,60,Finland
2004,20227,cop60,60,Finland
2007,22215,cop60,60,Finland
2010,22847,cop60,60,Finland
1978,15779,cop60,60,France
1984,17201,cop60,60,France
1989,17995,cop60,60,France
1994,19834,cop60,60,France
2000,19900,cop60,60,France
2005,20608,cop60,60,France
1981,20329,cop60,60,Germany
1983,23700,cop60,60,Germany
1984,19801,cop60,60,Germany
1989,22331,cop60,60,Germany
1994,21811,cop60,60,Germany
2000,23361,cop60,60,Germany
2004,23373,cop60,60,Germany
2007,23110,cop60,60,Germany
2010,23702,cop60,60,Germany
1995,12544,cop60,60,Greece
2000,14429,cop60,60,Greece
2004,17159,cop60,60,Greece
2007,18228,cop60,60,Greece
2010,16809,cop60,60,Greece
1987,10923,cop60,60,Ireland
1994,14894,cop60,60,Ireland
1995,15122,cop60,60,Ireland
1996,16230,cop60,60,Ireland
2000,20613,cop60,60,Ireland
2004,23985,cop60,60,Ireland
2007,25626,cop60,60,Ireland
2010,22310,cop60,60,Ireland
1986,11976,cop60,60,Israel
1992,14277,cop60,60,Israel
1997,14517,cop60,60,Israel
2001,16422,cop60,60,Israel
2005,16060,cop60,60,Israel
2007,17700,cop60,60,Israel
2010,18301,cop60,60,Israel
1986,14258,cop60,60,Italy
1987,15044,cop60,60,Italy
1989,16776,cop60,60,Italy
1991,17418,cop60,60,Italy
1993,16443,cop60,60,Italy
1995,15881,cop60,60,Italy
1998,16682,cop60,60,Italy
2000,16957,cop60,60,Italy
2004,17277,cop60,60,Italy
2008,18034,cop60,60,Italy
2010,17456,cop60,60,Italy
1985,18718,cop60,60,Luxembourg
1991,29533,cop60,60,Luxembourg
1994,31379,cop60,60,Luxembourg
1997,31527,cop60,60,Luxembourg
2000,34109,cop60,60,Luxembourg
2004,38311,cop60,60,Luxembourg
2007,38785,cop60,60,Luxembourg
2010,38776,cop60,60,Luxembourg
1989,4494,cop60,60,Mexico
1992,4748,cop60,60,Mexico
1994,4887,cop60,60,Mexico
1996,3707,cop60,60,Mexico
1998,4037,cop60,60,Mexico
2000,4862,cop60,60,Mexico
2002,4834,cop60,60,Mexico
2004,5108,cop60,60,Mexico
2008,7276,cop60,60,Mexico
2010,6733,cop60,60,Mexico
1983,17370,cop60,60,Netherlands
1987,18043,cop60,60,Netherlands
1990,21488,cop60,60,Netherlands
1993,20520,cop60,60,Netherlands
1999,23228,cop60,60,Netherlands
2004,23317,cop60,60,Netherlands
2007,25606,cop60,60,Netherlands
2010,25432,cop60,60,Netherlands
1979,14835,cop60,60,Norway
1986,20388,cop60,60,Norway
1991,21084,cop60,60,Norway
1995,22493,cop60,60,Norway
2000,24510,cop60,60,Norway
2004,26432,cop60,60,Norway
1995,5845,cop60,60,Poland
1999,7055,cop60,60,Poland
2004,6992,cop60,60,Poland
2007,8440,cop60,60,Poland
2010,9865,cop60,60,Poland
1980,10863,cop60,60,Spain
1985,10295,cop60,60,Spain
1990,13447,cop60,60,Spain
1995,15478,cop60,60,Spain
2000,19027,cop60,60,Spain
2004,18631,cop60,60,Spain
2007,20331,cop60,60,Spain
2010,18742,cop60,60,Spain
1981,13768,cop60,60,Sweden
1987,14805,cop60,60,Sweden
1992,17318,cop60,60,Sweden
1995,15955,cop60,60,Sweden
2000,18959,cop60,60,Sweden
2005,21713,cop60,60,Sweden
1982,26505,cop60,60,Switzerland
1992,27054,cop60,60,Switzerland
2000,27037,cop60,60,Switzerland
2002,29071,cop60,60,Switzerland
2004,27541,cop60,60,Switzerland
1979,14810,cop60,60,United Kingdom
1986,15215,cop60,60,United Kingdom
1991,17888,cop60,60,United Kingdom
1994,18565,cop60,60,United Kingdom
1995,18239,cop60,60,United Kingdom
1999,21073,cop60,60,United Kingdom
2004,24832,cop60,60,United Kingdom
2007,26572,cop60,60,United Kingdom
2010,25677,cop60,60,United Kingdom
1979,27024,cop60,60,United States
1986,28403,cop60,60,United States
1991,28356,cop60,60,United States
1994,28434,cop60,60,United States
1997,29852,cop60,60,United States
2000,31990,cop60,60,United States
2004,32405,cop60,60,United States
2007,33039,cop60,60,United States
2010,32212,cop60,60,United States
1981,23055,cop70,70,Australia
1985,22838,cop70,70,Australia
1989,23613,cop70,70,Australia
1995,21923,cop70,70,Australia
2001,24532,cop70,70,Australia
2003,25059,cop70,70,Australia
1987,24269,cop70,70,Austria
1994,27461,cop70,70,Austria
1995,24030,cop70,70,Austria
1997,26031,cop70,70,Austria
2000,27115,cop70,70,Austria
2004,28804,cop70,70,Austria
1985,18351,cop70,70,Belgium
1988,19082,cop70,70,Belgium
1992,20693,cop70,70,Belgium
1995,23756,cop70,70,Belgium
1997,23636,cop70,70,Belgium
2000,24887,cop70,70,Belgium
1981,28077,cop70,70,Canada
1987,28651,cop70,70,Canada
1991,28618,cop70,70,Canada
1994,28801,cop70,70,Canada
1997,28805,cop70,70,Canada
1998,29598,cop70,70,Canada
2000,29575,cop70,70,Canada
2004,31516,cop70,70,Canada
2007,34170,cop70,70,Canada
2010,35180,cop70,70,Canada
1987,22655,cop70,70,Denmark
1992,22122,cop70,70,Denmark
1995,23275,cop70,70,Denmark
2000,24803,cop70,70,Denmark
2004,26142,cop70,70,Denmark
2000,6865,cop70,70,Estonia
2004,8986,cop70,70,Estonia
2007,13430,cop70,70,Estonia
2010,12351,cop70,70,Estonia
1987,17581,cop70,70,Finland
1991,19564,cop70,70,Finland
1995,17495,cop70,70,Finland
2000,19880,cop70,70,Finland
2004,22747,cop70,70,Finland
2007,24868,cop70,70,Finland
2010,25571,cop70,70,Finland
1978,18177,cop70,70,France
1984,19651,cop70,70,France
1989,20385,cop70,70,France
1994,22704,cop70,70,France
2000,22643,cop70,70,France
2005,23394,cop70,70,France
1981,22900,cop70,70,Germany
1983,26737,cop70,70,Germany
1984,22073,cop70,70,Germany
1989,25007,cop70,70,Germany
1994,24704,cop70,70,Germany
2000,26359,cop70,70,Germany
2004,26351,cop70,70,Germany
2007,26096,cop70,70,Germany
2010,26584,cop70,70,Germany
1995,14891,cop70,70,Greece
2000,16827,cop70,70,Greece
2004,20114,cop70,70,Greece
2007,20958,cop70,70,Greece
2010,19202,cop70,70,Greece
1987,12827,cop70,70,Ireland
1994,17378,cop70,70,Ireland
1995,17694,cop70,70,Ireland
1996,19122,cop70,70,Ireland
2000,23996,cop70,70,Ireland
2004,27463,cop70,70,Ireland
2007,29566,cop70,70,Ireland
2010,25621,cop70,70,Ireland
1986,14118,cop70,70,Israel
1992,16676,cop70,70,Israel
1997,17104,cop70,70,Israel
2001,19313,cop70,70,Israel
2005,19302,cop70,70,Israel
2007,20973,cop70,70,Israel
2010,21801,cop70,70,Israel
1986,16412,cop70,70,Italy
1987,17867,cop70,70,Italy
1989,19720,cop70,70,Italy
1991,19815,cop70,70,Italy
1993,19132,cop70,70,Italy
1995,18732,cop70,70,Italy
1998,19409,cop70,70,Italy
2000,19815,cop70,70,Italy
2004,20179,cop70,70,Italy
2008,20838,cop70,70,Italy
2010,20109,cop70,70,Italy
1985,21307,cop70,70,Luxembourg
1991,32534,cop70,70,Luxembourg
1994,34852,cop70,70,Luxembourg
1997,35481,cop70,70,Luxembourg
2000,38604,cop70,70,Luxembourg
2004,43498,cop70,70,Luxembourg
2007,43237,cop70,70,Luxembourg
2010,44083,cop70,70,Luxembourg
1989,5528,cop70,70,Mexico
1992,6011,cop70,70,Mexico
1994,6100,cop70,70,Mexico
1996,4658,cop70,70,Mexico
1998,5144,cop70,70,Mexico
2000,6070,cop70,70,Mexico
2002,6136,cop70,70,Mexico
2004,6498,cop70,70,Mexico
2008,8993,cop70,70,Mexico
2010,8172,cop70,70,Mexico
1983,19641,cop70,70,Netherlands
1987,20286,cop70,70,Netherlands
1990,24159,cop70,70,Netherlands
1993,23154,cop70,70,Netherlands
1999,25905,cop70,70,Netherlands
2004,26069,cop70,70,Netherlands
2007,28743,cop70,70,Netherlands
2010,28574,cop70,70,Netherlands
1979,16301,cop70,70,Norway
1986,22744,cop70,70,Norway
1991,23151,cop70,70,Norway
1995,24805,cop70,70,Norway
2000,26922,cop70,70,Norway
2004,29070,cop70,70,Norway
1995,6650,cop70,70,Poland
1999,7965,cop70,70,Poland
2004,8040,cop70,70,Poland
2007,9651,cop70,70,Poland
2010,11361,cop70,70,Poland
1980,12563,cop70,70,Spain
1985,11826,cop70,70,Spain
1990,15501,cop70,70,Spain
1995,18428,cop70,70,Spain
2000,22414,cop70,70,Spain
2004,21692,cop70,70,Spain
2007,23499,cop70,70,Spain
2010,21750,cop70,70,Spain
1981,14987,cop70,70,Sweden
1987,16051,cop70,70,Sweden
1992,19107,cop70,70,Sweden
1995,17391,cop70,70,Sweden
2000,21036,cop70,70,Sweden
2005,23955,cop70,70,Sweden
1982,29936,cop70,70,Switzerland
1992,31033,cop70,70,Switzerland
2000,31012,cop70,70,Switzerland
2002,32923,cop70,70,Switzerland
2004,31084,cop70,70,Switzerland
1979,16901,cop70,70,United Kingdom
1986,17556,cop70,70,United Kingdom
1991,21051,cop70,70,United Kingdom
1994,21888,cop70,70,United Kingdom
1995,21472,cop70,70,United Kingdom
1999,24989,cop70,70,United Kingdom
2004,29071,cop70,70,United Kingdom
2007,31091,cop70,70,United Kingdom
2010,29924,cop70,70,United Kingdom
1979,30981,cop70,70,United States
1986,33162,cop70,70,United States
1991,33107,cop70,70,United States
1994,33559,cop70,70,United States
1997,35024,cop70,70,United States
2000,37161,cop70,70,United States
2004,38156,cop70,70,United States
2007,38891,cop70,70,United States
2010,38072,cop70,70,United States
1981,26945,cop80,80,Australia
1985,26724,cop80,80,Australia
1989,27692,cop80,80,Australia
1995,25849,cop80,80,Australia
2001,28688,cop80,80,Australia
2003,29607,cop80,80,Australia
1987,27302,cop80,80,Austria
1994,31145,cop80,80,Austria
1995,27792,cop80,80,Austria
1997,29859,cop80,80,Austria
2000,30846,cop80,80,Austria
2004,33610,cop80,80,Austria
1985,20624,cop80,80,Belgium
1988,21470,cop80,80,Belgium
1992,22948,cop80,80,Belgium
1995,26680,cop80,80,Belgium
1997,26803,cop80,80,Belgium
2000,28446,cop80,80,Belgium
1981,32540,cop80,80,Canada
1987,33034,cop80,80,Canada
1991,33163,cop80,80,Canada
1994,33449,cop80,80,Canada
1997,33476,cop80,80,Canada
1998,34430,cop80,80,Canada
2000,34786,cop80,80,Canada
2004,37156,cop80,80,Canada
2007,40175,cop80,80,Canada
2010,41509,cop80,80,Canada
1987,25313,cop80,80,Denmark
1992,24420,cop80,80,Denmark
1995,25878,cop80,80,Denmark
2000,27548,cop80,80,Denmark
2004,29173,cop80,80,Denmark
2000,8353,cop80,80,Estonia
2004,11024,cop80,80,Estonia
2007,16033,cop80,80,Estonia
2010,14672,cop80,80,Estonia
1987,19391,cop80,80,Finland
1991,21600,cop80,80,Finland
1995,19629,cop80,80,Finland
2000,22470,cop80,80,Finland
2004,25921,cop80,80,Finland
2007,28049,cop80,80,Finland
2010,29160,cop80,80,Finland
1978,21494,cop80,80,France
1984,22818,cop80,80,France
1989,23406,cop80,80,France
1994,26343,cop80,80,France
2000,26563,cop80,80,France
2005,26907,cop80,80,France
1981,25951,cop80,80,Germany
1983,30873,cop80,80,Germany
1984,25038,cop80,80,Germany
1989,28538,cop80,80,Germany
1994,28650,cop80,80,Germany
2000,30338,cop80,80,Germany
2004,30592,cop80,80,Germany
2007,30181,cop80,80,Germany
2010,30560,cop80,80,Germany
1995,17439,cop80,80,Greece
2000,19964,cop80,80,Greece
2004,23703,cop80,80,Greece
2007,25048,cop80,80,Greece
2010,22606,cop80,80,Greece
1987,15439,cop80,80,Ireland
1994,20762,cop80,80,Ireland
1995,21105,cop80,80,Ireland
1996,22243,cop80,80,Ireland
2000,27471,cop80,80,Ireland
2004,31833,cop80,80,Ireland
2007,34749,cop80,80,Ireland
2010,29984,cop80,80,Ireland
1986,16800,cop80,80,Israel
1992,19793,cop80,80,Israel
1997,20557,cop80,80,Israel
2001,23034,cop80,80,Israel
2005,23499,cop80,80,Israel
2007,25480,cop80,80,Israel
2010,26339,cop80,80,Israel
1986,19526,cop80,80,Italy
1987,21831,cop80,80,Italy
1989,23286,cop80,80,Italy
1991,23156,cop80,80,Italy
1993,22713,cop80,80,Italy
1995,21797,cop80,80,Italy
1998,23151,cop80,80,Italy
2000,23206,cop80,80,Italy
2004,23727,cop80,80,Italy
2008,24514,cop80,80,Italy
2010,23817,cop80,80,Italy
1985,24648,cop80,80,Luxembourg
1991,37039,cop80,80,Luxembourg
1994,39206,cop80,80,Luxembourg
1997,41387,cop80,80,Luxembourg
2000,44627,cop80,80,Luxembourg
2004,49997,cop80,80,Luxembourg
2007,49589,cop80,80,Luxembourg
2010,49902,cop80,80,Luxembourg
1989,7298,cop80,80,Mexico
1992,8026,cop80,80,Mexico
1994,8145,cop80,80,Mexico
1996,6211,cop80,80,Mexico
1998,6856,cop80,80,Mexico
2000,8072,cop80,80,Mexico
2002,8076,cop80,80,Mexico
2004,8392,cop80,80,Mexico
2008,11554,cop80,80,Mexico
2010,10320,cop80,80,Mexico
1983,22409,cop80,80,Netherlands
1987,22943,cop80,80,Netherlands
1990,27760,cop80,80,Netherlands
1993,26557,cop80,80,Netherlands
1999,29225,cop80,80,Netherlands
2004,29933,cop80,80,Netherlands
2007,33123,cop80,80,Netherlands
2010,32792,cop80,80,Netherlands
1979,18209,cop80,80,Norway
1986,25513,cop80,80,Norway
1991,25961,cop80,80,Norway
1995,27589,cop80,80,Norway
2000,30082,cop80,80,Norway
2004,32747,cop80,80,Norway
1995,7761,cop80,80,Poland
1999,9242,cop80,80,Poland
2004,9469,cop80,80,Poland
2007,11415,cop80,80,Poland
2010,13429,cop80,80,Poland
1980,14950,cop80,80,Spain
1985,14100,cop80,80,Spain
1990,18271,cop80,80,Spain
1995,22366,cop80,80,Spain
2000,26468,cop80,80,Spain
2004,25567,cop80,80,Spain
2007,27443,cop80,80,Spain
2010,25845,cop80,80,Spain
1981,16536,cop80,80,Sweden
1987,17881,cop80,80,Sweden
1992,21291,cop80,80,Sweden
1995,19499,cop80,80,Sweden
2000,24000,cop80,80,Sweden
2005,27036,cop80,80,Sweden
1982,34516,cop80,80,Switzerland
1992,36400,cop80,80,Switzerland
2000,36215,cop80,80,Switzerland
2002,38166,cop80,80,Switzerland
2004,36033,cop80,80,Switzerland
1979,19461,cop80,80,United Kingdom
1986,20710,cop80,80,United Kingdom
1991,25325,cop80,80,United Kingdom
1994,26284,cop80,80,United Kingdom
1995,25407,cop80,80,United Kingdom
1999,30028,cop80,80,United Kingdom
2004,34925,cop80,80,United Kingdom
2007,37203,cop80,80,United Kingdom
2010,35883,cop80,80,United Kingdom
1979,35931,cop80,80,United States
1986,39504,cop80,80,United States
1991,39207,cop80,80,United States
1994,40109,cop80,80,United States
1997,41983,cop80,80,United States
2000,44422,cop80,80,United States
2004,45590,cop80,80,United States
2007,46689,cop80,80,United States
2010,45801,cop80,80,United States
1981,32439,cop90,90,Australia
1985,32491,cop90,90,Australia
1989,33881,cop90,90,Australia
1995,31291,cop90,90,Australia
2001,35978,cop90,90,Australia
2003,36399,cop90,90,Australia
1987,32176,cop90,90,Austria
1994,38340,cop90,90,Austria
1995,33432,cop90,90,Austria
1997,36451,cop90,90,Austria
2000,37525,cop90,90,Austria
2004,41399,cop90,90,Austria
1985,24345,cop90,90,Belgium
1988,25466,cop90,90,Belgium
1992,26988,cop90,90,Belgium
1995,31916,cop90,90,Belgium
1997,31748,cop90,90,Belgium
2000,34850,cop90,90,Belgium
1981,39682,cop90,90,Canada
1987,41009,cop90,90,Canada
1991,40336,cop90,90,Canada
1994,40936,cop90,90,Canada
1997,41192,cop90,90,Canada
1998,42738,cop90,90,Canada
2000,43176,cop90,90,Canada
2004,46665,cop90,90,Canada
2007,50244,cop90,90,Canada
2010,51273,cop90,90,Canada
1987,30232,cop90,90,Denmark
1992,28364,cop90,90,Denmark
1995,29976,cop90,90,Denmark
2000,31995,cop90,90,Denmark
2004,33786,cop90,90,Denmark
2000,11281,cop90,90,Estonia
2004,14179,cop90,90,Estonia
2007,20650,cop90,90,Estonia
2010,18754,cop90,90,Estonia
1987,22375,cop90,90,Finland
1991,24963,cop90,90,Finland
1995,22938,cop90,90,Finland
2000,26862,cop90,90,Finland
2004,31223,cop90,90,Finland
2007,34074,cop90,90,Finland
2010,34904,cop90,90,Finland
1978,26885,cop90,90,France
1984,28390,cop90,90,France
1989,28993,cop90,90,France
1994,33369,cop90,90,France
2000,33225,cop90,90,France
2005,33905,cop90,90,France
1981,30674,cop90,90,Germany
1983,37779,cop90,90,Germany
1984,30413,cop90,90,Germany
1989,34374,cop90,90,Germany
1994,35354,cop90,90,Germany
2000,37499,cop90,90,Germany
2004,38188,cop90,90,Germany
2007,37779,cop90,90,Germany
2010,38603,cop90,90,Germany
1995,23020,cop90,90,Greece
2000,24917,cop90,90,Greece
2004,29873,cop90,90,Greece
2007,31498,cop90,90,Greece
2010,28683,cop90,90,Greece
1987,19640,cop90,90,Ireland
1994,26161,cop90,90,Ireland
1995,26887,cop90,90,Ireland
1996,27817,cop90,90,Ireland
2000,34051,cop90,90,Ireland
2004,39588,cop90,90,Ireland
2007,43026,cop90,90,Ireland
2010,37206,cop90,90,Ireland
1986,21196,cop90,90,Israel
1992,25029,cop90,90,Israel
1997,25961,cop90,90,Israel
2001,29689,cop90,90,Israel
2005,30502,cop90,90,Israel
2007,32947,cop90,90,Israel
2010,34930,cop90,90,Israel
1986,24408,cop90,90,Italy
1987,28097,cop90,90,Italy
1989,28974,cop90,90,Italy
1991,28192,cop90,90,Italy
1993,28810,cop90,90,Italy
1995,27409,cop90,90,Italy
1998,29037,cop90,90,Italy
2000,29156,cop90,90,Italy
2004,30432,cop90,90,Italy
2008,31126,cop90,90,Italy
2010,30211,cop90,90,Italy
1985,29571,cop90,90,Luxembourg
1991,44163,cop90,90,Luxembourg
1994,48706,cop90,90,Luxembourg
1997,50811,cop90,90,Luxembourg
2000,55699,cop90,90,Luxembourg
2004,63024,cop90,90,Luxembourg
2007,61922,cop90,90,Luxembourg
2010,62370,cop90,90,Luxembourg
1989,10661,cop90,90,Mexico
1992,12008,cop90,90,Mexico
1994,12764,cop90,90,Mexico
1996,9206,cop90,90,Mexico
1998,10372,cop90,90,Mexico
2000,12435,cop90,90,Mexico
2002,12132,cop90,90,Mexico
2004,12428,cop90,90,Mexico
2008,16492,cop90,90,Mexico
2010,14581,cop90,90,Mexico
1983,26891,cop90,90,Netherlands
1987,27501,cop90,90,Netherlands
1990,33244,cop90,90,Netherlands
1993,31450,cop90,90,Netherlands
1999,34415,cop90,90,Netherlands
2004,36281,cop90,90,Netherlands
2007,41106,cop90,90,Netherlands
2010,39949,cop90,90,Netherlands
1979,21433,cop90,90,Norway
1986,30126,cop90,90,Norway
1991,30296,cop90,90,Norway
1995,31813,cop90,90,Norway
2000,35556,cop90,90,Norway
2004,38798,cop90,90,Norway
1995,9735,cop90,90,Poland
1999,11541,cop90,90,Poland
2004,12090,cop90,90,Poland
2007,14464,cop90,90,Poland
2010,17166,cop90,90,Poland
1980,19198,cop90,90,Spain
1985,18408,cop90,90,Spain
1990,23105,cop90,90,Spain
1995,28930,cop90,90,Spain
2000,34072,cop90,90,Spain
2004,31805,cop90,90,Spain
2007,34457,cop90,90,Spain
2010,33013,cop90,90,Spain
1981,18999,cop90,90,Sweden
1987,20418,cop90,90,Sweden
1992,25086,cop90,90,Sweden
1995,23033,cop90,90,Sweden
2000,28917,cop90,90,Sweden
2005,32072,cop90,90,Sweden
1982,44014,cop90,90,Switzerland
1992,45480,cop90,90,Switzerland
2000,43919,cop90,90,Switzerland
2002,46798,cop90,90,Switzerland
2004,43642,cop90,90,Switzerland
1979,23382,cop90,90,United Kingdom
1986,25516,cop90,90,United Kingdom
1991,31581,cop90,90,United Kingdom
1994,33491,cop90,90,United Kingdom
1995,32648,cop90,90,United Kingdom
1999,38771,cop90,90,United Kingdom
2004,45641,cop90,90,United Kingdom
2007,47559,cop90,90,United Kingdom
2010,46754,cop90,90,United Kingdom
1979,43946,cop90,90,United States
1986,49365,cop90,90,United States
1991,49226,cop90,90,United States
1994,51504,cop90,90,United States
1997,54422,cop90,90,United States
2000,57430,cop90,90,United States
2004,58657,cop90,90,United States
2007,60544,cop90,90,United States
2010,59356,cop90,90,United States
1981,37458,cop95,95,Australia
1985,38118,cop95,95,Australia
1989,39931,cop95,95,Australia
1995,37390,cop95,95,Australia
2001,42543,cop95,95,Australia
2003,42960,cop95,95,Australia
1987,36895,cop95,95,Austria
1994,45645,cop95,95,Austria
1995,38777,cop95,95,Austria
1997,41836,cop95,95,Austria
2000,45149,cop95,95,Austria
2004,50716,cop95,95,Austria
1985,28044,cop95,95,Belgium
1988,29779,cop95,95,Belgium
1992,31007,cop95,95,Belgium
1995,38511,cop95,95,Belgium
1997,37025,cop95,95,Belgium
2000,42283,cop95,95,Belgium
1981,45965,cop95,95,Canada
1987,48274,cop95,95,Canada
1991,47659,cop95,95,Canada
1994,47897,cop95,95,Canada
1997,48710,cop95,95,Canada
1998,51499,cop95,95,Canada
2000,52213,cop95,95,Canada
2004,56607,cop95,95,Canada
2007,61155,cop95,95,Canada
2010,62732,cop95,95,Canada
1987,35865,cop95,95,Denmark
1992,32132,cop95,95,Denmark
1995,34058,cop95,95,Denmark
2000,36574,cop95,95,Denmark
2004,38523,cop95,95,Denmark
2000,14624,cop95,95,Estonia
2004,18712,cop95,95,Estonia
2007,24837,cop95,95,Estonia
2010,23029,cop95,95,Estonia
1987,25492,cop95,95,Finland
1991,28475,cop95,95,Finland
1995,26439,cop95,95,Finland
2000,32181,cop95,95,Finland
2004,36664,cop95,95,Finland
2007,40736,cop95,95,Finland
2010,41230,cop95,95,Finland
1978,32418,cop95,95,France
1984,34808,cop95,95,France
1989,35443,cop95,95,France
1994,40922,cop95,95,France
2000,40365,cop95,95,France
2005,41392,cop95,95,France
1981,36378,cop95,95,Germany
1983,45712,cop95,95,Germany
1984,36717,cop95,95,Germany
1989,40604,cop95,95,Germany
1994,42693,cop95,95,Germany
2000,45177,cop95,95,Germany
2004,46901,cop95,95,Germany
2007,47612,cop95,95,Germany
2010,46802,cop95,95,Germany
1995,29153,cop95,95,Greece
2000,31514,cop95,95,Greece
2004,37905,cop95,95,Greece
2007,38485,cop95,95,Greece
2010,35400,cop95,95,Greece
1987,23678,cop95,95,Ireland
1994,31438,cop95,95,Ireland
1995,33986,cop95,95,Ireland
1996,34569,cop95,95,Ireland
2000,40173,cop95,95,Ireland
2004,47052,cop95,95,Ireland
2007,51151,cop95,95,Ireland
2010,44415,cop95,95,Ireland
1986,25458,cop95,95,Israel
1992,29816,cop95,95,Israel
1997,31839,cop95,95,Israel
2001,36315,cop95,95,Israel
2005,38134,cop95,95,Israel
2007,41194,cop95,95,Israel
2010,42774,cop95,95,Israel
1986,28830,cop95,95,Italy
1987,34415,cop95,95,Italy
1989,35243,cop95,95,Italy
1991,34426,cop95,95,Italy
1993,36049,cop95,95,Italy
1995,34054,cop95,95,Italy
1998,37420,cop95,95,Italy
2000,37228,cop95,95,Italy
2004,38086,cop95,95,Italy
2008,38674,cop95,95,Italy
2010,37558,cop95,95,Italy
1985,34485,cop95,95,Luxembourg
1991,52617,cop95,95,Luxembourg
1994,57394,cop95,95,Luxembourg
1997,60190,cop95,95,Luxembourg
2000,66150,cop95,95,Luxembourg
2004,76497,cop95,95,Luxembourg
2007,76912,cop95,95,Luxembourg
2010,71988,cop95,95,Luxembourg
1989,14862,cop95,95,Mexico
1992,18577,cop95,95,Mexico
1994,18734,cop95,95,Mexico
1996,13691,cop95,95,Mexico
1998,15035,cop95,95,Mexico
2000,17954,cop95,95,Mexico
2002,17679,cop95,95,Mexico
2004,17897,cop95,95,Mexico
2008,22641,cop95,95,Mexico
2010,20000,cop95,95,Mexico
1983,31781,cop95,95,Netherlands
1987,31756,cop95,95,Netherlands
1990,39445,cop95,95,Netherlands
1993,35654,cop95,95,Netherlands
1999,39766,cop95,95,Netherlands
2004,43278,cop95,95,Netherlands
2007,50112,cop95,95,Netherlands
2010,47481,cop95,95,Netherlands
1979,24595,cop95,95,Norway
1986,34851,cop95,95,Norway
1991,34648,cop95,95,Norway
1995,36801,cop95,95,Norway
2000,42160,cop95,95,Norway
2004,46112,cop95,95,Norway
1995,12122,cop95,95,Poland
1999,14094,cop95,95,Poland
2004,15295,cop95,95,Poland
2007,18269,cop95,95,Poland
2010,21507,cop95,95,Poland
1980,23695,cop95,95,Spain
1985,22654,cop95,95,Spain
1990,28338,cop95,95,Spain
1995,37060,cop95,95,Spain
2000,41837,cop95,95,Spain
2004,38335,cop95,95,Spain
2007,41371,cop95,95,Spain
2010,39919,cop95,95,Spain
1981,21027,cop95,95,Sweden
1987,22915,cop95,95,Sweden
1992,28914,cop95,95,Sweden
1995,26403,cop95,95,Sweden
2000,34379,cop95,95,Sweden
2005,37237,cop95,95,Sweden
1982,58217,cop95,95,Switzerland
1992,55966,cop95,95,Switzerland
2000,53265,cop95,95,Switzerland
2002,54887,cop95,95,Switzerland
2004,50709,cop95,95,Switzerland
1979,27212,cop95,95,United Kingdom
1986,30523,cop95,95,United Kingdom
1991,38294,cop95,95,United Kingdom
1994,41771,cop95,95,United Kingdom
1995,41260,cop95,95,United Kingdom
1999,48306,cop95,95,United Kingdom
2004,57624,cop95,95,United Kingdom
2007,59428,cop95,95,United Kingdom
2010,58795,cop95,95,United Kingdom
1979,51871,cop95,95,United States
1986,59514,cop95,95,United States
1991,58986,cop95,95,United States
1994,64090,cop95,95,United States
1997,68912,cop95,95,United States
2000,73551,cop95,95,United States
2004,73921,cop95,95,United States
2007,77663,cop95,95,United States
2010,74768,cop95,95,United States
